N_Run;SAMPLE CODE;ID;VDA_code;Redcap_code;Redcap_recordID;Origin;Gender;Etnicity;Date of Birth;AAO;AAT;Family_History;Degree of kinship;Consanguineity;Pheno;Mut-1;Mut-2;Mut-3;Genetic_conclusion;Inheritance;Zigosity;ACMG;MLPA;Gene;AA_change;Esito;ApoE_alleles;APOE;MAPT;MAPT_haplo;GBA_long;GBA_long_zig;Scholarity;Toxic Exposure;HY;UPDRS III ON;MOCA;Cognitive status;Hallucination;Psychosis;Anxiety/Depression;Dysautonomia;Motor fluctuations;Non-motor fluctuations;dyskinesia;RBD;Other;What;RM;PET/ DATSCAN;Peripheral Neuropathy;Elettrophysiology;Therapy;Notes;Date_of_enrollement
1;;DNA-BSN500;;;;IDK;M;Italian;1970-02-13 00:00:00;14;;Yes;1;;akinetic-rigid;GBA c.1223C>T p.T408M;PRKN c.125G>C p.R42P + delEx4;;PRKN p.R42P + delEx4;AR;Het;P;PRKN delEx4;PRKN;R42P+delEx4;pos;;;H1/H2;H2;;;;;;;;;;;;;;;;;;;;;;;;;
1;;DNA-CRO613;;;;IDK;M;Italian;1965-08-24 00:00:00;;;No;;;;DJ1 c.203A>T p.D68V;;;;;Het;LP;;;;neg;;;H1/H1;H1;;;;;;;;;;;;;;;;;;;;;;;;;
1;;PD024;;;;IDK;M;;;;;Unknown;;;;SLC20A2 c.295G>A p.A99T;;;;;Het;VUS;;;;neg;;;H1/H1;H1;;;;;;;;;;;;;;;;;;;;;;;;;
1;;PD027;;;;IDK;F;;;;;Unknown;;;;;;;;;;;;;;neg;;;H1/H1;H1;;;;;;;;;;;;;;;;;;;;;;;;;
1;;PDLNZ500;;;;HSM_int;M;Italian;1960-07-14 00:00:00;39;;Unknown;;;akinetic-rigid;;;;;;;;;;;neg;;;H1/H1;H1;;;;;;;;;;;;;;;;;;;;;;;;;
1;;PDMRO500;;;;HSM_int;M;Italian;1968-12-01 00:00:00;37;;Yes;1+;;Tremor dominant;PRKN c.267A>T p.R89S;PINK1 c.949G>A p.V317I;;;;Het;VUS;;;;neg;ℇ3/ℇ3;APOE3;H1/H1;H1;;;;;;;;;;;;;;;;;;;;;;;;;
1;;PDOTT500;;;;HSM_int;M;Italian;1942-06-11 00:00:00;59;;No;;;Tremor dominant;GDAP1 c.373C>T p.R125X;;;;;Het;P;;;;neg;ℇ3/ℇ3;APOE3;H1/H1;H1;;;;;;;;;;;;;;;;;;;;;;;;;
1;PDPTL500;PDPTL500;PD100_GE;;;HSM_int;F;Italian;1969-09-04 00:00:00;49;50;Yes;1;;Tremor dominant;PRKN c.469G>A p.V157M;ATP7B c.4301C>T p.T1434M;APP c.901C>T p.R301X;;;Het;VUS;;;;neg;ℇ3/ℇ3;APOE3;H1/H1;H1;;;;;;;;;;;;;;;;;;;;;;;;;
1;;PDTID500;;;;HSM_int;F;Italian;1948-06-03 00:00:00;;;Unknown;;;Tremor dominant;;;;;;;;;;;neg;;;H1/H1;H1;;;;;;;;;;;;;;;;;;;;;;;;;
1;PD039;PDRVN500;PD99_GE;;;HSM_int;F;Italian;1984-05-20 00:00:00;27;;No;;;;GBA c.721G>A p.G241R;POLG c.826G>A p.A276T;;GBA p.G241R;AD;Het;P;;GBA;G241R;pos;ℇ3/ℇ3;APOE3;H1/H1;H1;GBA p.G241R;HET;;;;;;;;;;;;;;;;;;;;;;;
1;PD046;PDRMP500;PD107_GE;;;HSM_int;M;Italian;1953-09-03 00:00:00;47;57;No;;;akinetic;;;;;;;;;;;neg;ℇ3/ℇ3;APOE3;H1/H1;H1;;;;;;;;;;;;;;;;;;;;;;;;;
2;PD040;PDTRB514;PD101_GE;;;HSM_int;M;Italian;1959-08-07 00:00:00;42;60;Possible;;;akinetic;PRKN c.245C>A p.A82E;PARK7:exon4:c.252+2->A (c.252+2_252+3insA);;;;Het;LP;;;;neg;ℇ3/ℇ3;APOE3;H1/H1;H1;;;;;;13;;;;;;;;;;;;;TAC;;;;cartella;;
2;;DNA-GRC500;;;;HSM_int;M;Italian;1961-04-11 00:00:00;56;58;No;;;akinetic-rigid;;;;;;;;;;;neg;;;H1/H1;H1;;;;;;;;1;;;;;;;;;;;1;1;;;cartella;;
2;;PDCLC500;;;;HSM_int;M;Italian;1976-11-29 00:00:00;28;;Possible;1;;akinetic-rigid;;;;;;;;;;;neg;;;H1/H2;H2;;;;;;;;;;;;;;;;;;;;;;;;;
2;PD002;PDDGS500;;;;HSM_int;F;Italian;1960-07-14 00:00:00;;45;Unknown;;;mixed;;;;;;;;;;;neg;;;H1/H2;H2;;;;;;;;;;;;;;;;;;;;;;;;;
2;;PDDPL500;;;;HSM_int;F;Italian;1954-11-22 00:00:00;45;;Yes;1;;Tremor dominant;APP c.1649A>G p.N550S;;;;;Het;VUS;;;;neg;;;H2/H2;H2;;;;;;;;;;;;;;;;;;;;;;;;;
2;PD029;PDFNS500;;;;HSM_int;M;Italian;1930-07-15 00:00:00;;;Unknown;;;;;;;;;;;;;;neg;;;H1/H1;H1;;;;;;;;;;;;;;;;;;;;;;;;;
2;PD001;PDFRS500;;;;HSM_int;M;Italian;1935-10-14 00:00:00;67;;No;;;Tremor dominant;DCTN1 c.1060G>A p.A354T;;;;;Het;VUS;;;;neg;;;H1/H2;H2;;;;;;;;;;;;;;;;;;;;;;;;;
2;PD018;PDFST500;;;;HSM_int;M;Italian;1961-01-03 00:00:00;38;;Unknown;;;akinetic;;;;;;;;;;;neg;ℇ4/ℇ4;APOE4;H1/H1;H1;;;;;;;;;;;;;;;;;;;;;;;;;
2;;PDSRB500;;;;HSM_int;M;;;;;Unknown;;;;;;;;;;;;;;neg;;;H1/H1;H1;;;;;;;;;;;;;;;;;;;;;;;;;
2;PD004;PDZRC500;;;;HSM_int;M;Italian;1935-10-14 00:00:00;;;Unknown;;;Tremor dominant;;;;;;;;;;;neg;ℇ3/ℇ3;APOE3;H1/H2;H2;;;;;;;;;;;;;;;;;;;;;;;;;
2;;DNA-DBB500;;;;IDK;M;Marocco;1984-08-01 00:00:00;28;;No;;;mixed;LRRK2 c.6055G>A p.G2019S;;;LRRK2 p.G2019S;AD;Het;P;;LRRK2;G2019S;pos;;;H1/H1;H1;;;;;;;;;;;;;;;;;;;;;;;;;
2;PD008;PDPCC500;;;;HSM_int;M;Italian;1948-06-03 00:00:00;55;;Yes;1;;akinetic;LRRK2 c.6055G>A p.G2019S;TARDBP c.1144G>A p.A382T;;LRRK2 p.G2019S;AD;Het;P;;LRRK2;G2019S;pos;ℇ3/ℇ2;APOE2;H1/H1;H1;;;;;;;;;;;;;;;;;;;;;;;;;
2;PD194;PDINN500;PD53_GE;PDGEN_1961SAIA;75;HSM_int;M;Italian;1968-02-12 00:00:00;37;;No;;;akinetic;PRKN c.868G>A p.V290M;PINK1:c.387+20A>G;;;;Het;LP;;;;neg;ℇ3/ℇ4;APOE4;H1/H1;H1;;;;;;;;3;0;0;1;;;;;0;;;;;;;;;2023-02-13 00:00:00
3;PD041;PDRLN500;PD102_GE;;;HSM_int;M;Italian;1961-05-20 00:00:00;48;59;No;;;Tremor dominant;ATP7B c.740A>G p.E247G;;;;;Het;VUS;;;;neg;ℇ3/ℇ2;APOE2;H1/H2;H2;;;;;;;;;;;;;1;;;;;;;;;;;;
3;PD042;PDTRV500;PD103_GE;;;HSM_int;M;Italian;1975-02-25 00:00:00;;;Unknown;;;;POLG c.3213dupT p.T1072Yfs*36;;;;;Het;VUS;;;;neg;ℇ3/ℇ3;APOE3;H1/H1;H1;;;;;;;;;;;;;;;;;;;;;;;;;
3;;PDPTL405;;;;HSM_int;F;Italian;1944-10-14 00:00:00;;;Yes;1;;;ATP7B c.4301C>T p.T1434M;;;;;Het;VUS;;;;neg;;;H1/H1;H1;;;;;;;;;;;;;;;;;;;;;;;;;
3;PD043;PDFCR500;PD104_GE;;;HSM_int;F;Italian;1956-11-25 00:00:00;48;63;Possible;2;;Tremor dominant;GBA c.1226A>G p.N409S;LRRK2 c.4937T>C p.M1646T;;GBA p.N409S;AD;Het;P;;GBA;N409S;pos;ℇ3/ℇ3;APOE3;H1/H1;H1;GBA p.N409S;HET;;;;;;;1;;0;0;0;0;0;0;1;dislipidemia;1;1;0;0;;;
3;PD045;PDVTI500;PD106_GE;;;HSM_int;F;Italian;1949-07-18 00:00:00;;71;Unknown;;;;DCTN1 c.3557T>C p.M1186T;;;;;Het;VUS;;;;neg;ℇ3/ℇ3;APOE3;H1/H2;H2;;;;;;;;;;;;;;;;;;;;;;;;;
3;PD047;PDDGRT500;PD108_GE;;;HSM_int;M;Italian;1962-01-07 00:00:00;50;58;Yes;2;;akinetic bradicinesia;ATP13A2 c.1244G>A p.R415Q;;;;;Het;VUS;;;;neg;ℇ3/ℇ3;APOE3;H1/H1;H1;;;;;;;;;;;;1;0;;;1;;;1;1;;;cartella;;
3;PD048;PDCRA500;PD109_GE;;;HSM_int;M;;1958-03-09 00:00:00;;62;Unknown;;;;LRRK2 c.4937T>C p.M1646T;;;;;;;;;;neg;ℇ3/ℇ3;APOE3;H2/H2;H2;;;;;;;;;;;;;;;;;;;;;;;;;
3;PD044;PDVLD500;PD105_GE;;;HSM_int;F;Italian;1939-12-11 00:00:00;68;81;Yes;1,2,3;;;SNCA dup;;;SNCA dup;AD;Het;P;SNCA dup;SNCA;SNCA dup;pos;ℇ3/ℇ3;APOE3;H1/H1;H1;;;;;;;;;;;;;;;;;;;;;;;;;
4;PD049;PDBRN500;PD110_GE;;;HSM_int;M;Italian;1968-09-28 00:00:00;47;51;No;;;akinetic-rigid;LRRK2 c.4937T>C p.M1646T;;;;;;;;;;neg;ℇ3/ℇ4;APOE4;H1/H1;H1;;;;;;;;;;;;1;1;0;;0;1;disfagia - perdita di peso - ipertensione arteriosa;1;;;;cartella;;
4;PD050;PDSLR500;PD111_GE;;;HSM_int;M;Italian;1944-10-14 00:00:00;;;Unknown;;;;;;;;;;;;;;neg;;;H1/H2;H2;;;;;;;;;;;;;;;;;;;;;;;;;
4;PD051;PDNSI500;PD112_GE;;;HSM_int;F;Italian;1959-09-30 00:00:00;51;61;No;;;akinetic-rigid;MYORG c.1130T>C p.F377S;;;;;Het;VUS;;;;neg;ℇ3/ℇ2;APOE2;H1/H1;H1;;;;;1;6;;1;0;0;1;1;0;0;0;0;0;;1;0;0;0;cartella;;
4;PD053;PDBSN500;PD114_GE;;;HSM_int;F;Italian;1968-06-29 00:00:00;49;52;No;;;Tremor dominant;PLA2G6 c.16C>T p.R6C;;;;;Het;VUS;;;;neg;ℇ3/ℇ2;APOE2;H1/H1;H1;;;;;2;35;;1;0;0;0;1;0;0;0;1;0;;1;1;0;0;cartella;;
4;PD054;PDGND500;PD115_GE;;;HSM_int;F;Italian;1980-12-13 00:00:00;38;40;Yes;2;;Tremor dominant (Dystonia left foot);POLG c.830A>T p.H277L;;;;;Het;VUS;;;;neg;ℇ3/ℇ3;APOE3;H1/H1;H1;;;;;1;7;;1;0;0;0;0;0;0;0;0;0;;1;1;0;0;n.a.;;
4;PD057;PDPPP515;PD118_GE;;;HSM_int;F;Italian;1965-04-21 00:00:00;47;55;Yes;2;;astenia;ATP7B c.4318C>T p.R1440W;;;;;Het;VUS;;;;neg;ℇ3/ℇ4;APOE4;H1/H1;H1;;;;;1;;;1;0;0;1;0;0;0;0;0;0;;1;1;0;0;n.a.;;
4;PD052;PDCMB500;PD113_GE;PDGEN_1973MACA;10;HSM_int;M;Italian;1973-04-08 00:00:00;46;47;Yes;1;;impaccio motorio;SNCA dup;OPA1 c.517G>C p.V173L;;SNCA dup;AD;Het;VUS;SNCA dup;SNCA;SNCA dup;pos;ℇ3/ℇ3;APOE3;H1/H1;H1;;;;;;;;1;0;0;0;0;0;0;0;1;0;;0;1;0;0;n.a.;;2021-11-08 00:00:00
4;PD062;PDMGR515;PD122_GE;;;HSM_int;F;Italian;1962-03-17 00:00:00;48;58;No;;;Tremor dominant;;;;;;;;;;;neg;ℇ3/ℇ3;APOE3;H2/H2;H2;;;;;;10;;1;0;0;0;0;1;0;0;0;0;;1;1;;;n.a.;;
4;PD061;PDDTT515;PD121_GE;;;HSM_int;F;Italian;1972-06-08 00:00:00;46;48;Yes;1;;Tremor dominant;PINK1 c.1557G>C p.G386A;PINK1 c.1366C>T p.Q456X;;PINK1 p.Q456X + PINK1 p.G386A;AR;Het;P;;PINK1;Q456X+G386A;pos;ℇ3/ℇ3;APOE3;H1/H1;H1;;;;;;27;;1;0;0;0;0;0;0;1;0;0;;TAC;;0;0;n.a.;;
4;PD064;PDVGN515;PD124_GE;;;HSM_int;M;Italian;1968-02-21 00:00:00;47;52;Yes;2;;;;;;;;;;;;;neg;ℇ3/ℇ3;APOE3;H1/H2;H2;;;;;;21;;1;0;0;0;0;0;0;0;1;0;;0;1;0;0;n.a.;;
4;PD065;PDTRM515;PD125_GE;;;HSM_int;M;Italian;1976-06-05 00:00:00;43;44;Yes;2;;Tremor dominant;PSEN2 c.605C>T p.P202L;;;;;Het;VUS;;;;neg;ℇ3/ℇ3;APOE3;H1/H1;H1;;;;;;8;;1;0;0;0;0;0;0;0;0;0;;0;0;0;0;n.a.;;
4;PD063;PDLMN515;PD123_GE;;;HSM_int;M;Italian;1966-12-07 00:00:00;43;54;No;;;akinetic-rigid;GBA c.721G>A p.G241R;;;GBA p.G241R;AD;Het;P;;GBA;G241R;pos;ℇ3/ℇ3;APOE3;H1/H1;H1;GBA p.G241R;HET;;;1;;;1;0;0;1;0;0;0;0;0;0;;1;1;0;0;cartella;;
5;PD055;PDNLD500;PD116_GE;;;HSM_int;F;Italian;1964-05-05 00:00:00;52;56;Yes;1;;;;;;;;;;;;;neg;ℇ3/ℇ3;APOE3;H1/H1;H1;;;;;3;;;2;0;1;1;;1;;1;1;;;1;1;0;0;n.a.;;
5;PD056;PDDLL500;PD117_GE;;;HSM_int;F;;1968-02-07 00:00:00;43;52;Yes;1;;;POLG c.125G>A p.R42Q;;;;;Het;VUS;;;;neg;ℇ3/ℇ3;APOE3;H1/H1;H1;;;;;2;8;;1;0;0;0;0;1;0;1;0;0;;1;1;0;0;n.a.;;
5;PD058;PDBLE515;PD119_GE;;;HSM_int;M;Italian;1948-03-30 00:00:00;64;72;Yes;1;;Bradikinesia;;;;;;;;;;;neg;ℇ3/ℇ4;APOE4;H1/H1;H1;;;;;2;29;;1;0;0;0;0;0;0;0;0;0;;0;1;1;0;n.a.;;
5;PD060;PDGNN500;PD120_GE;;;HSM_int;M;Italian;1947-06-25 00:00:00;53;73;Yes;1;;Tremor dominant;VPS35 c.1576C>T p.R526C;;;;;Het;VUS;;;;neg;;;H1/H1;H1;;;;;2;;;1;0;0;1;0;0;0;1;1;0;;1;1;;;cartella;;
5;PD059;PDBLE517;;;;HSM_int;M;Italian;1970-12-15 00:00:00;38;50;No;;;akinetic-rigid;;;;;;;;;;;neg;ℇ3/ℇ4;APOE4;;;;;;;;;;1;0;0;0;;;;;0;;;;;;;;;
5;PD066;PDBDN500;PD126_GE;;;HSM_int;F;Italian;1973-11-12 00:00:00;45;47;No;;;akinetic-rigid;;;;;;;;;;;neg;ℇ3/ℇ3;APOE3;H1/H1;H1;;;;;1;15;;1;0;0;1;0;0;0;0;0;0;;1;1;0;1;cartella;;
5;PD067;PDBGL515;PD127_GE;;;HSM_int;F;Italian;1956-12-17 00:00:00;54;55;Yes;1;;Tremor dominant;GBA c.1226A>G p.N409S;;;GBA p.N409S;AD;Het;P;;GBA;N409S;pos;ℇ3/ℇ3;APOE3;H1/H1;H1;GBA p.N409S;HET;;;2;29;;1;0;0;0;0;1;0;1;0;0;;1;1;0;0;n.a.;;
5;PD069;PDCHA515;PD129_GE;;;HSM_int;M;Italian;1967-01-19 00:00:00;48;53;Yes;2;;Tremor dominant;;;;;;;;;;;neg;ℇ3/ℇ3;APOE3;H1/H2;H2;;;;;1;;;1;0;0;0;0;0;0;0;0;0;;1;1;0;0;cartella;;
5;PD070;PDMRS515;PD130_GE;PDGEN_1948ENMA;37;HSM_int;M;Italian;1948-09-22 00:00:00;64;72;Possible;4;;Tremor dominant;PRKN c.823C>T p.R275W;ATP7B c.1607T>C p.V536A;;;;Het;LP;;;;neg;ℇ3/ℇ3;APOE3;H1/H1;H1;;;;;1,5;24;;1;0;0;0;0;0;0;0;0;0;;0;1;0;0;cartella;;2022-05-09 00:00:00
5;PD068;PDDPT515;PD128_GE;;;HSM_int;F;Italian/North African;1963-08-11 00:00:00;46;57;No;;;akinetic-rigid;GBA c.738G>C p.Q246H;;;GBA p.Q246H;AD;Het;P;;GBA;Q246H;pos;ℇ3/ℇ3;APOE3;H1/H1;H1;GBA p.Q246H;HET;;;2;;;1;0;0;0;0;1;0;1;0;0;;1;1;0;0;cartella;;
6;PD071;PDLGL515;PD131_GE;;;HSM_int;M;Italian;1966-01-09 00:00:00;49;55;No;;;akinetic-rigid;;;;;;;;;;;neg;ℇ3/ℇ4;APOE4;H1/H2;H2;;;;;;;;1;0;0;0;0;0;0;0;0;0;;0;0;0;0;;;
6;PD072;PDBNV515;PD132_GE;;;HSM_int;M;Italian;1976-09-18 00:00:00;42;44;No;;;akinetic-rigid;LRRK2 c.4937T>C p.M1646T;VPS13C c.8018G>A p.R2673Q;;;;Het;VUS;;;;neg;ℇ3/ℇ3;APOE3;H1/H2;H2;;;2;;;;;1;0;0;1;0;0;0;0;0;0;;1;1;0;0;;;
6;PD073;PDCFN515;PD133_GE;;;HSM_int;M;Italian;1959-04-22 00:00:00;45;62;Yes;1;;Tremor dominant;PRKN delEx 4;POLG c.803G>C p.G268A;;;;Het;VUS;PRKN delEx4;;;neg;ℇ3/ℇ3;APOE3;H1/H1;H1;;;;;;;;;0;0;;0;1;0;1;1;;;1;1;1 (assenza ROT);1;;referti imaging non disponibili, diabete mellito tipoII, etilismo;
6;PD074;PDRNL515;PD134_GE;;;HSM_int;M;Italian;1956-10-31 00:00:00;50;54;Yes;;;Tremor-dominant;;;;;;;;;;;neg;ℇ3/ℇ3;APOE3;H1/H2;H2;;;2;no;;;;1;0;0;1;;;;;1;1;Iposmia;;;;;;;
6;PD075;PDPST515;PD135_GE;;;HSM_int;F;Italian;1949-11-04 00:00:00;65;72;No;;No;;;;;;;;;;;;neg;ℇ3/ℇ3;APOE3;;;;;;;;;;;;;;;;;;;;;;;;;;;
6;PD076;PDSRL515;PD136_GE;;;HSM_int;M;Italian;1962-01-12 00:00:00;55;59;Yes;1;;Tremor dominant;;;;;;;;;;;neg;ℇ3/ℇ3;APOE3;H2/H2;H2;;;2;;;;;1;;;;;;;;1;1;disturbo dell'olfatto;;;;;;;
6;PD077;PDRCC515;PD137_GE;;;HSM_int;F;Italian;1961-09-02 00:00:00;57;60;Yes;1;;Tremor dominant;PLA2G6 c.1081G>A p.G539S;;;;;Het;VUS;;;;neg;ℇ3/ℇ4;APOE4;H1/H2;H2;;;2;;;;;1;0;0;1;;;;;0;1;disturbo dell'olfatto (riferito da sempre);;;;;cartella;;
6;PD079;PDDVT515;PD139_GE;;;HSM_int;F;Italian;1973-09-23 00:00:00;46;48;No;;;mixed;PRKN c.1204C>T p.R402C;;;;;Het;VUS;;;;neg;ℇ3/ℇ3;APOE3;H1/H1;H1;;;3;no;;;;1;0;0;0;;;;;0;1;disturbo dell'olfatto (riferito da sempre);1;1;0;0;cartella;DATSCAN in programma al S. Martino per aprile 2021;
6;PD078;PDBLR515;PD138_GE;;;HSM_int;F;Italian;1965-04-25 00:00:00;49;56;Yes;2;;Tremor dominant;GBA c.1226C>T p.T408M;;;GBA p.T408M;AD;Het;P;;GBA;T408M;pos;ℇ3/ℇ3;APOE3;H1/H1;H1;GBA p.T408M;HET;;no;;;;1;0;0;0;;;;;0;1;disturbo dell'olfatto (riferito da sempre);;;;;cartella;;
7;PD080;PDNTL515;PD140_GE;;;HSM_int;F;Italian;1959-10-03 00:00:00;52;61;No;;;akinetic-rigid;LRRK2 c.4937T>C p.M1646T;OPA1 c.1262G>A p.R421Q;ATP7B c.2906G>A p.R969Q;;;Het;P;;;;neg;ℇ3/ℇ3;APOE3;H1/H1;H1;;;3;no;;;;1;0;0;1;0;;;;0;0;;1;1;0;0;cartella;programmata DATSCAN per il 30/06/2021 (quadro da valutare);
7;PD081;PDSDH515;PD141_GE;;;HSM_int;M;Italian;1958-02-23 00:00:00;54;63;Yes;1;;akinetic-rigid;;;;;;;;;;;neg;ℇ3/ℇ3;APOE3;H1/H1;H1;;;2;no;;;;1;0;0;0;1;;;;1;1;iposmia;;;;;cartella;;
7;PD082;PDBRB515;PD142_GE;;;HSM_int;M;Italian;1947-06-01 00:00:00;67;74;No;;;akinetic-rigid;;;;;;;;;;;neg;ℇ3/ℇ3;APOE3;H1/H2;H2;;;3;;;;;2;1;0;1;1;;;;1;1;iposmia;0;1;0;0;cartella;programmata RM cerebrale per il 15/05/2021;
7;PD088;PDLPU517;;;;HSM_int;F;Italian;1980-03-31 00:00:00;;41;Yes;1;;;SGCE c.1224G>C p.Q417H;;;;;Het;VUS;;;;neg;ℇ3/ℇ4;APOE4;H1/H1;H1;;;3;;;;;1;0;0;0;0;0;0;0;0;0;;0;1;0;0;no;paziente asintomatica ha eseguito DAT scan dopo la diagnosi nella sorella, poi risultata positiva;
7;PD085;PDLLA515;PD144_GE;;;HSM_int;M;Italian;1965-06-14 00:00:00;33;56;Yes;4;;Tremor dominant;;;;;;;;;;;neg;ℇ3/ℇ3;APOE3;H1/H1;H1;;;2;;;;;1;0;0;1;;;;;1;1;iposmia;;1;;;laura;;
7;PD086;PDLPG515;PD145_GE;;;HSM_int;F;Italian;1962-05-02 00:00:00;45;59;Yes;4;;akinetic-rigid;;;;;;;;;;;neg;ℇ3/ℇ2;APOE2;H1/H1;H1;;;1;no;;;;1;0;0;;;;;;;1;iposmia;1;;;;laura;;
7;PD087;PDLPU515;PD146_GE;;;HSM_int;F;Italian;1978-11-06 00:00:00;;42;Yes;1;;akinetic-rigid;;;;;;;;;;;neg;ℇ3/ℇ3;APOE3;H1/H1;H1;;;3;;;;;1;0;0;0;0;0;0;0;0;0;;;1;0;0;laura;;
7;PD083;PDPDR515;PD143_GE;;;HSM_int;F;Italian;1967-06-10 00:00:00;52;54;Yes;2;;akinetic-rigid;GBA c.1093G>A p.E365K;;;GBA p.E365K;AD;Het;P;;GBA;E365K;pos;;;H1/H1;H1;GBA p.E365K;HET;3;no;;;;1;;;;;;;;;;;;;;;;;
7;PD089;PDLVR515;PD148_GE;;;HSM_int;F;Chile;1967-04-06 00:00:00;46;53;Yes;2;;Tremor dominant;GBA c.1505G>A p.R502H;;;GBA p.R502H;AD;Het;P;;GBA;R502H;pos;ℇ3/ℇ3;APOE3;H1/H1;H1;GBA p.R502H;HET;;;;;;1;1 (da DA-agonisti);0;1;;;;;;;;1;;0;0;cartella;arrivato campione. Visita da Francesca in reparto. Riferita precedente genetica negativa;
8;;MD-RMN613;;;;IDK;F;;;;;Unknown;;;;GCH1 c.68C>T p.P23L;;;;;Het;LB/VUS/LP;;;;neg;;;H1/H2;H2;;;;;;;;;;;;;;;;;;;;;;;;;
8;PD091;PDGGL515;PD150_GE;;;HSM_int;M;Italian;1956-01-30 00:00:00;45;65;No;;;;;;;;;;;;;;neg;ℇ3/ℇ3;APOE3;H1/H1;H1;;;9;no;;;;;;;;;;;;;;;;;;;;no info sul ramo paterno;
8;PD092;PDCRD515;PD151_GE;;;HSM_int;F;Italian;1972-06-28 00:00:00;45;49;No;;;Tremor-dominant;LRRK2 c.4937T>C p.M1646T;;;;;;;;;;neg;ℇ3/ℇ3;APOE3;H1/H2;H2;;;;;;;;1;0;0;0;;;;;0;;;;;;;;;
8;PD093;PDPNZ515;PD152_GE;PDGEN_1967MAPA;1;HSM_int;M;Italian;1967-06-17 00:00:00;48;54;No;;;Tremor dominant;;;;;;;;;;;neg;ℇ4/ℇ4;APOE4;H1/H1;H1;;;9;No;;;;1?;0;0;1;1;;;;1;1;iposmia;1;1;0;0;cartella;;2021-09-06 00:00:00
8;PD094;PDVGG515;PD153_GE;PDGEN_1955GAVI;2;HSM_int;F;Italian;1955-11-12 00:00:00;39;66;No;;;Tremor dominant;;;;;;;;;;;neg;ℇ3/ℇ3;APOE3;H1/H1;H1;;;3;No;;;;1;1;;1;;;;;;1;iposmia;1;;;;cartella;;2021-09-06 00:00:00
8;PD095;PDBRZ515;PD154_GE;PDGEN_1968LOBR;4;HSM_int;F;Italian;1968-12-23 00:00:00;48;52;Unknown;;;Tremor dominant;;;;;;;;;;;neg;ℇ3/ℇ2;APOE2;H1/H1;H1;;;1;;;;;1;0;0;1;;;;;;1;iposmia - affaticabilità - diplopia serale;1;1;0;0;cartella;;2021-09-13 00:00:00
8;PD096;PDFRN515;PD155_GE;PDGEN_1948FRFR;3;HSM_int;M;Italian;1948-10-28 00:00:00;53;73;Yes;1;;mixed;GCH1 c.68C>T p.P23L;POLG c.427G>A p.A143T;;;;Het;LB/VUS/LP;;;;neg;ℇ3/ℇ3;APOE3;H1/H1;H1;;;1;No;;;;1;1;;1;;1;;;;;;;;0;0;cartella;;2021-09-13 00:00:00
8;PD090;PDLRN515;PD149_GE;;;HSM_int;M;Italian;1969-09-27 00:00:00;49;51;Yes;2;;akinetic-rigid;LRRK2 c.6055G>A p.G2019S;APP c.1409G>A p.R470H;;LRRK2 p.G2019S;AD;Het;P;;LRRK2;G2019S;pos;ℇ3/ℇ3;APOE3;H1/H2;H2;;;1;yes;;;;;;;;;;;;;;;0;0;0;0;;effettuata TAC;
8;PD097;PDHRZ515;PD156_GE;;;HSM_int;M;Cuban;1967-04-21 00:00:00;47;54;No;;;;LRRK2 c.6055G>A p.G2019S;;;LRRK2 p.G2019S;AD;Het;P;;LRRK2;G2019S;pos;ℇ3/ℇ4;APOE4;H1/H2;H2;;;9;;;;;1;0;0;1;;;;;1;0;;1;1;0;0;;;
9;PD098;PDPIU515;PD157_GE;PDGEN_1966GIPI;5;HSM_int;M;Italian;1966-03-10 00:00:00;36;55;No;;;Tremor dominant;GCH1 c.68C>T p.P23L;;;;;Het;LB/VUS/LP;;;;neg;ℇ3/ℇ3;APOE3;H1/H1;H1;;;9;No;;;;1;0;0;1;;;;;0;0;;;1;0;0;cartella;;2021-09-27 00:00:00
9;PD099;PDPTZ515;PD158_GE;PDGEN_1962ADPI;6;HSM_int;M;Italian;1962-05-26 00:00:00;53;59;No;;;Tremor dominant;;;;;;;;;;;neg;ℇ3/ℇ2;APOE2;H1/H2;H2;;;1;Yes;;;;1;0;0;0;;;;;0;1;iposmia (pat dei turbinati);1;1;0;0;laura;;2021-10-04 00:00:00
9;PD100;PDBNN514;PD159_GE;PDGEN_1959MABA;8;HSM_int;M;Italian;1959-02-16 00:00:00;50;61;No;;;Tremor dominant;c.-15A>G rs41264927;;;;;;;;;;neg;ℇ3/ℇ4;APOE4;H1/H2;H2;;;9;Yes;;;;1;0;0;1;1;;;1;1;0;;1;0;0;0;laura;;2021-10-11 00:00:00
9;PD105;PDJVC515;PD92_GE;PDGEN_1965MAJO;13;HSM_int;M;Italian;1965-09-29 00:00:00;42;56;Yes;1;;;GBA c.1342G>C p.D448H;MAPT c.93G>C p.M31I;;GBA p.D448H;AD;Het;VUS;;GBA;D448H;pos;ℇ3/ℇ4;APOE4;H1/H1;H1;GBA p.D448H;HET;2;;;;;2;1;1;1;1;1;;;1;;;0;1;0;0;cartella;;2021-11-29 00:00:00
9;PD101;PDDNG515;PD160_GE;PDGEN_1957RODE;7;HSM_int;M;Italian;1957-06-09 00:00:00;51;62;No;;;akinetic-rigid;ATP7B c.1697T>C p.I566T;PANK2 c.872A>G p.D291G;;;;Het;VUS/LP;;;;neg;ℇ3/ℇ3;APOE3;H1/H2;H2;;;2;No;;;;1;0;0;1;1;;;0;1;1;anosmia;1;1;0;0;cartella;;2021-10-11 00:00:00
9;PD102;PDCSC515;PD161_GE;PDGEN_1975ANCA;9;HSM_int;M;Italian;1975-08-06 00:00:00;46;46;Yes;2;;akinetic-rigid;;;;;;;;;;;neg;ℇ3/ℇ3;APOE3;H1/H2;H2;;;9;No;1;12;;1;0;0;0;0;;;;0;0;;;1;;;laura;;2021-11-08 00:00:00
9;PD103;PDZNC515;PD2_GE;PDGEN_1954LOZA;12;HSM_int;F;Italian;1954-10-03 00:00:00;48;67;Yes;1;;Tremor dominant;VPS13C c.950C>T p.T317M;;;;;Het;VUS;;;;neg;ℇ3/ℇ3;APOE3;H1/H1;H1;;;1;No;;;;1;0;0;1;1;;;;1;;;1;0;0;0;laura;;2021-11-15 00:00:00
9;PD104;PDPRS515;PD3_GE;PDGEN_1962GEPA;11;HSM_int;M;Italian;1962-07-05 00:00:00;57;59;Yes;1;;Tremor dominant;;;;;;;;;;;neg;ℇ3/ℇ3;APOE3;H1/H1;H1;;;2;No;;;;1;;0;;;;;;1;1;anosmia;1;1;0;0;laura;;2021-11-15 00:00:00
9;PD113;PDPNN515;PD4_GE;PDGEN_1963STPI;19;HSM_int;M;Italian;1963-08-11 00:00:00;46;58;Yes;3;;akinetic-rigid;GRN c.635G>A p.R212Q;;;;;Het;VUS;;;;neg;ℇ3/ℇ3;APOE3;H1/H1;H1;c.116-45A>C;;9;;;;;1;0;0;1;0;1;0;0;0;0;;;1;;;cartella;;2022-01-10 00:00:00
9;PD140;PDDGN515;PD45_GE;;;HSM_int;F;Italian;1963-09-22 00:00:00;53;58;No;;;akinetic-rigid;PRKN c.518C>T p.T173M;DCTN1 c.2969G>A p.R990H;POLG c.391T>C p.Y131H;;;Het;VUS/LP;;;;neg;ℇ3/ℇ3;APOE3;H1/H2;H2;;;;;1;7;;1;0;0;0;0;0;0;0;0;0;;1;0;0;0;cartella;;
9;PD115;PDGNA515;PD76_GE;PDGEN_1956FAGA;21;HSM_int;M;Italian;1956-08-27 00:00:00;60;66;Yes;1;;Tremor dominant;LRRK2 c.4937T>C p.M1646T;APP c.799G>A p.E267K;;;;Het;LB/VUS/LP;;;;neg;ℇ3/ℇ4;APOE4;H1/H2;H2;c.762-18T>A;HET;9;;;;;1;0;0;1;1;0;0;1;0;1;anosmia;1;0;;;laura;;2022-01-17 00:00:00
9;PD116;PDBGZ515;PD77_GE;PDGEN_1953CABI;20;HSM_int;M;Italian;1953-09-26 00:00:00;49;69;No;;;akinetic-rigid;GCH1 c.671A>G p.K224R;;;;;Het;VUS/LP;;;;neg;ℇ3/ℇ3;APOE3;H1/H1;H1;;;2;No;;;;1;1;0;0;0;1;0;1;1;1;disturbi visivi;1;0;0;0;cartella;;2022-01-17 00:00:00
9;PD118;PDQST515;PD78_GE;;;HSM_int;M;Italian;1963-03-01 00:00:00;46;59;No;;;Tremor-dominant;PRKN dupEx 3;LRRK2 c.3200G>A p.R1067Q;;;;Het;VUS/LP;PRKN dupEx3;;;neg;ℇ3/ℇ4;APOE4;H1/H1;H1;;;9;Yes;;;;;;;;;;;;;;;;;;;;;
9;PD106;PDBGG515;PD93_GE;PDGEN_1955ELBI;14;HSM_int;F;Italian;1955-02-24 00:00:00;57;66;Yes;1;;Tremor dominant;VPS13C c.1367G>A p.G456E;MAPT c.671T>G p.V224G;;;;Het;VUS;;;;neg;ℇ3/ℇ4;APOE4;H1/H1;H1;;;9;no;;;;1;0;0;0;;;;;1;0;;1;;0;0;laura;;2021-11-29 00:00:00
9;PD107;PDLCS515;PD94_GE;PDGEN_1932ROOL;17;HSM_int;F;Italian;1932-08-06 00:00:00;;89;Yes;1;;Tremor dominant;;;;;;;;;;;neg;ℇ3/ℇ3;APOE3;H1/H1;H1;;;;;;;;1;1;;1;;;;;1;1;anosmia;1;1;;;laura;;2021-12-06 00:00:00
9;PD108;PDFLZ515;PD95_GE;PDGEN_1945VIFA;16;HSM_int;M;Italian;1945-07-24 00:00:00;74;76;Yes;1;;akinetic-rigid;;;;;;;;;;;neg;ℇ3/ℇ3;APOE3;H1/H2;H2;;;2;no;;;;1;0;0;0;;;;;;;;1;1;0;0;cartella;;2021-12-06 00:00:00
9;PD109;PDGRS515;PD96_GE;PDGEN_1949ANAG;15;HSM_int;M;Italian;1949-07-09 00:00:00;67;72;No;;;akinetic-rigid;;;;;;;;;;;neg;ℇ3/ℇ3;APOE3;H1/H1;H1;;;2;;;;;3;1;1;1;;;;;1;;;1;;;;laura;;2021-12-06 00:00:00
9;PD110;PDLLL515;PD97_GE;;;HSM_int;M;Italian;1966-08-21 00:00:00;;55;Unknown;;;;DCTN1 c.1667A>G p.K556R;MAPT c.958_960delGAG p.;;;;Het;VUS;;;;neg;ℇ3/ℇ3;APOE3;H2/H2;H2;GBA p.A485A;HET;;;;;;;;;;;;;;;;;;;;;;;
9;PD111;PDMSC515;PD98_GE;;;HSM_int;F;Italian;1954-06-27 00:00:00;52;77;No;;;;;;;;;;;;;;neg;ℇ3/ℇ3;APOE3;H1/H1;H1;;;;;;;;;;;;;;;;;;;;;;;;;
10;PD112;PDBNZ515;PD1_GE;PDGEN_1965MABE;18;HSM_int;F;Italian;1965-12-24 00:00:00;42;56;Yes;2,3E+16;;Tremor dominant;GBA c.1346C>T p.T449M;;;GBA p.T449M;AD;Het;LP;;GBA;T449M;pos;ℇ3/ℇ3;APOE3;H1/H1;H1;GBA p.T449M;HET;2;no;;;;1;1;0;1;1;1;0;0;0;1;insonnia - micrografia;0;1;0;0;cartella;;2021-12-20 00:00:00
10;PD125;PDBFC515;PD85_GE;PDGEN_1956SIBA;28;HSM_int;M;Italian;1956-02-16 00:00:00;58;64;Unknown;;;Tremor dominant;GBA c.1093G>A p.E365K;;;GBA p.E365K;AD;Het;P;;GBA;E365K;pos;ℇ3/ℇ4;APOE4;H1/H1;H1;GBA p.E365K;HET;;;;;;1;0;0;1;;;;;1;;;;;;;;;2022-03-22 00:00:00
10;PD133;PDSNF515;PD12_GE;PDGEN_1961DOSA;36;HSM_int;M;Italian;1961-05-07 00:00:00;53;61;Yes;;;Tremor dominant;;;;;;;;;;;neg;ℇ3/ℇ3;APOE3;H1/H1;H1;;;;;;;;1;0;0;1;;;;;0;;;;;;;;;2022-05-02 00:00:00
10;PD132;PDPRL515;PD13_GE;PDGEN_1950AMPA;35;HSM_int;F;Italian;1950-06-26 00:00:00;69;72;Yes;;;Tremor dominant;GRN c.1117C>T p.P373S;;;;;Het;VUS/LP;;;;neg;ℇ3/ℇ4;APOE4;H1/H1;H1;;;;;;;;1;0;0;1;;;;;1;;;;;;;;;
10;PD119;PDRVR515;PD79_GE;PDGEN_1962MARA;22;HSM_int;M;Italian;1962-01-14 00:00:00;54;60;Unknown;;;Akinetic-rigid;;;;;;;;;;;neg;ℇ3/ℇ3;APOE3;H1/H1;H1;;;;;;;;1;0;0;0;;;;;1;;;;;;;;;2022-02-07 00:00:00
10;PD120;PDSRN515;PD80_GE;PDGEN_1965LUSO;23;HSM_int;M;Italian;1965-01-03 00:00:00;55;57;Unknown;;;Tremor dominant;;;;;;;;;;;neg;ℇ3/ℇ2;APOE2;H1/H1;H1;;;;;;;;1;0;0;0;;;;;0;;;;;;;;;2022-02-07 00:00:00
10;PD121;PDBBT515;PD81_GE;PDGEN_1951ANAB;24;HSM_int;M;Italian;1951-12-01 00:00:00;58;70;Unknown;;;Akinetic-rigid;LRRK2 c.4937T>C p.M1646T;OPA1 c.2165A>G p.N722S;;;;Het;VUS;;;;neg;ℇ3/ℇ4;APOE4;H1/H1;H1;;;;;;;;2;1;0;1;;;;;0;;;;;;;;;2022-02-14 00:00:00
10;PD122;PDLGR515;PD82_GE;PDGEN_1959BRLU;25;HSM_int;M;Italian;1959-06-05 00:00:00;54;62;Unknown;;;Akinetic-rigid;LRRK2 c.4937T>C p.M1646T;PRKN c.907C>T p.H303Y;PDGFRB c.1195T>C p.F399L;;;Het;LP;;;;neg;ℇ3/ℇ3;APOE3;H1/H2;H2;;;;;;;;1;0;0;1;;;;;1;;;;;;;;;2022-02-14 00:00:00
10;PD123;PDGRL515;PD83_GE;PDGEN_1965FRGR;26;HSM_int;M;Italian;1965-05-09 00:00:00;48;57;Unknown;;;Tremor dominant;ATP7B c.3688A>G p.I1230V;;;;;Het;P;;;;neg;ℇ3/ℇ3;APOE3;H1/H2;H2;;;;;;;;1;0;0;0;;;;;0;;;;;;;;;2022-02-21 00:00:00
10;PD124;PDPRD515;PD84_GE;PDGEN_1952CLPA;27;HSM_int;M;Italian;1952-12-05 00:00:00;62;69;Yes;;;Tremor dominant;;;;;;;;;;;neg;ℇ3/ℇ4;APOE4;H1/H1;H1;;;;;;;;1;0;0;0;;;;;1;;;;;;;;;2022-03-07 00:00:00
10;PD126;PDSBT515;PD86_GE;PDGEN_1955LESA;29;HSM_int;M;Italian;1955-08-06 00:00:00;52;67;Unknown;;;Mixed;ATP13A2 c.2404G>A p.G802S;POLG c.241A>G p.R81G;PRNP c.239G>T p.G80V;;;Het;LP;;;;neg;ℇ3/ℇ3;APOE3;H1/H1;H1;;;;;;;;1;0;0;;;;;;1;;;;;;;;;
10;PD127;PDPNB515;PD87_GE;PDGEN_1954ANPA;30;HSM_int;F;Italian;1954-05-02 00:00:00;54;67;Unknown;;;Tremor dominant;;;;;;;;;;;neg;ℇ3/ℇ2;APOE2;H1/H1;H1;c.762-18T>A;HOMO;;;;;;1;0;0;1;;;;;0;;;;;;;;;2022-03-28 00:00:00
10;PD128;PDCGN515;PD88_GE;PDGEN_1962ANCA;31;HSM_int;M;Italian;1962-04-15 00:00:00;48;54;No;;;Tremor dominant;;;;;;;;;;;neg;ℇ3/ℇ2;APOE2;H1/H1;H1;;;;;;;;1;0;0;0;;;;;0;;;;;;;;;2022-04-04 00:00:00
10;PD129;PDLPR515;PD89_GE;PDGEN_1958GILE;32;HSM_int;F;Italian;1958-04-16 00:00:00;57;64;Yes;;;;VPS35 c.1291_1292delGAinsTT;GCH1 c.68C>T p.P23L;;;;Het;P;;;;neg;ℇ3/ℇ3;APOE3;H1/H2;H2;;;;;;;;1;0;0;;;;;;1;;;;;;;;;2022-04-04 00:00:00
10;PD131;PDGNT515;PD91_GE;PDGEN_1968BAGI;33;HSM_int;F;Italian;1968-07-17 00:00:00;48;54;Unknown;;;Tremor dominant;;;;;;;;;;;neg;ℇ3/ℇ3;APOE3;H1/H1;H1;;;;;;;;1;0;0;0;;;;;1;;;;;;;;;2022-04-11 00:00:00
11;PD134;PDCHC515;PD11_GE;;;HSM_int;F;Peru;1965-02-01 00:00:00;41;57;;;;;GBA c.84_85insG p.L29Afs*18;SYNJ1 c.57C>G p.S19R;;GBA p.L29Afs*18;AD;Het;P;;GBA;L29Afs*18;pos;ℇ3/ℇ3;APOE3;H1/H1;H1;c.84-85insG;HET;;;;;;3;1;0;1;;;;;1;;;;;;;;;
11;PD138;PDFRL515;PD47_GE;PDGEN_1956DOFI;39;HSM_int;M;Italian;1956-10-24 00:00:00;49;66;;;;akinetic-rigid;LRRK2 c.6055G>A p.G2019S;ATP13A2 c.3472C>T p.R1158C;;LRRK2 p.G2019S;AD;Het;P;;LRRK2;G2019S;pos;ℇ3/ℇ3;APOE3;H1/H2;H2;;;;;;;;;;;;;;;;;;;;;;;;;2022-05-16 00:00:00
11;PD141;PDBGP515;PD44_GE;;;HSM_int;M;Italian;1963-11-10 00:00:00;50;58;Maybe;;;Tremor dominant;;;;;;;;;;;neg;ℇ3/ℇ3;APOE3;H1/H2;H2;;;;;;;;2;0;0;0;;;;;0;;;;;;;;;
11;PD139;PDPMO515;PD46_GE;;;HSM_int;F;Italian;1965-10-11 00:00:00;49;56;No;;;mixed;DNAJC6 c.875C>T p.S292L;DCTN1 c.2477C>T p.T826M;;;;Het;VUS;;;;neg;ℇ3/ℇ3;APOE3;H1/H1;H1;;;;;;;;1;0;0;0;;;;;1;;;;;;;;;
11;PD137;PDCHL515;PD48_GE;PDGEN_1966FRCH;38;HSM_int;M;Italian;1966-06-02 00:00:00;50;55;No;;;;;;;;;;;;;;neg;ℇ3/ℇ4;APOE4;H1/H1;H1;;;;;;;;1;0;0;1;;;;;0;;;;;;;;;2022-05-16 00:00:00
11;PD136;PDSUP515;PD49_GE;;;Napoli;F;Italian;1972-04-14 00:00:00;45;50;;;;akinetic-rigid;POLG c.803G>C p.G268A;;;;;Het;VUS;;;;neg;ℇ3/ℇ3;APOE3;H1/H1;H1;;;;;;;;;;;;;;;;;;;;;;;;;
11;PD135;PDMSS515;PD50_GE;;;HSM_int;F;Italian;1957-12-21 00:00:00;53;63;Yes;;;;;;;;;;;;;;neg;ℇ3/ℇ4;APOE4;H1/H1;H1;;;;;;;;1;0;0;0;;;;;0;;;;;;;;;
11;PD130;PDCNG515;PD90_GE;PDGEN_1955RECA;34;HSM_int;M;Italian;1955-08-22 00:00:00;46;66;;;;akinetic-rigid;POLG c.1899G>C p.K633N;;;;;Het;VUS;;;;neg;ℇ3/ℇ3;APOE3;H1/H1;H1;;;;;;;;1;1;0;;;;;;1;;;;;;;;;2022-04-11 00:00:00
12;PD146;PDLRO515;PD40_GE;PDGEN_1953PALA;43;HSM_int;F;Italian;1953-08-05 00:00:00;58;68;Maybe;;;Tremor dominant;GBA c.1448T>C p.L483P;ATP7B c.2497_2498insG p.V833Gfs*21;;GBA p.L483P;AD;Het;P;;GBA;L483P;pos;ℇ3/ℇ3;APOE3;H1/H2;H2;GBA p.L483P;HET;;;;;;;0;0;1;;;;;0;;;;;;;;;2022-07-04 00:00:00
12;PD144;PDBRG500;PD42_GE;PDGEN_1950ROBE;40;HSM_int;F;Italian;1950-09-18 00:00:00;46;71;Yes;2;;mixed;GBA c.681T>G p.N227K;POLG c.3536T>G p.F1179C;;GBA p.N227K;AD;Het;P;;GBA;N227K;pos;ℇ3/ℇ3;APOE3;H1/H2;H2;GBA p.N227K;HET;;;;;;3;0;0;0;;;;;1;1;Iposmia;;;;;;;2022-06-20 00:00:00
12;PD148;PDBRU515;;;;HSM_int;M;Italian;1978-02-12 00:00:00;;;;;;;;;;;;;;;;;neg;;;H1/H2;H2;;;;;;;;;;;;;;;;;;;;;;;;;
12;PD151;PDPLN515;PD36_GE;PDGEN_1964CAPA;44;HSM_int;F;Italian;1964-07-12 00:00:00;56;58;No;;;Tremor dominant;PARK7 c.535G>A p.A179T;;;;;Het;VUS;;;;neg;ℇ3/ℇ4;APOE4;H1/H1;H1;;;;;;;;1;0;0;1;;;;;1;;;;;;;;;2022-07-11 00:00:00
12;PD150;PDGRD515;PD37_GE;PDGEN_1970SIGI;46;HSM_int;M;Italian;1970-07-11 00:00:00;48;52;Yes;1;;Tremor dominant;;;;;;;;;;;neg;ℇ3/ℇ3;APOE3;H1/H2;H2;;;;;;;;1;0;0;0;;;;;0;;;;;;;;;2022-07-11 00:00:00
12;PD149;PDTDL515;PD38_GE;;;HSM_int;M;Italian;1964-03-20 00:00:00;54;58;;;;Tremor dominant;;;;;;;;;;;neg;ℇ3/ℇ3;APOE3;H1/H1;H1;;;;;;;;1;0;0;0;;;;;0;;;;;;;;;
12;PD147;PDBSA515;PD39_GE;PDGEN_1959CABO;42;HSM_int;M;Italian;1959-01-21 00:00:00;56;63;Yes;1.2;;Tremor dominant;;;;;;;;;;;neg;ℇ3/ℇ3;APOE3;H1/H1;H1;;;;;;;;1;0;0;1;;;;;0;;;;;;;;;2022-07-04 00:00:00
12;PD145;PDSLC515;PD41_GE;;;HSM_int;F;Italian;1963-06-16 00:00:00;;;;;;;;;;;;;;;;;neg;ℇ3/ℇ3;APOE3;H1/H1;H1;;;;;;;;;;;;;;;;;;;;;;;;;
12;PD143;PDRMO515;PD43_GE;PDGEN_1959FRRO;41;HSM_int;M;Italian;1959-11-21 00:00:00;54;62;Yes;1;;mixed;ATP7B c.3688A>G p.I1230V;;;;;Het;P;;;;neg;ℇ3/ℇ4;APOE4;H1/H2;H2;;;;;;;;;;;;;;;;;;;;;;;;;2022-06-20 00:00:00
13;PD153;PDBTN515;PD35_GE;PDGEN_1950CABO;47;HSM_int;M;Italian;1950-01-01 00:00:00;65;72;Yes;3;;Tremor dominant;GBA c.1093G>A p.E365K;DNAJC6 c.1493G>A p.C498Y;;;AD;Het;P;;;;neg;ℇ3/ℇ3;APOE3;H1/H1;H1;GBA p.E365K;HOMO;;;;;;;;;;;;;;;;;;;;;;;2022-07-25 00:00:00
13;PD164;PDBDL515;PD25_GE;PDGEN_1968LUBA;56;HSM_int;M;Italian;1968-12-15 00:00:00;53;53;;;;mixed;ATP7B c.226A>G p.I76V;;;;;Het;VUS;;;;neg;ℇ3/ℇ4;APOE4;H1/H1;H1;;;;;;;;1;0;0;0;;;;;0;;;;;;;;;2022-10-03 00:00:00
13;PD163;PDSRR515;PD26_GE;PDGEN_1969GISE;55;HSM_int;M;Italian;1969-07-23 00:00:00;52;53;No;;;mixed;;;;;;;;;;;neg;ℇ3/ℇ3;APOE3;H1/H1;H1;;;;;;;;1;0;0;0;;;;;1;;;;;;;;;2022-10-03 00:00:00
13;PD162;PDPSR515;PD27_GE;PDGEN_1954ANPAS;53;HSM_int;F;Italian;1954-11-28 00:00:00;43;67;No;;;Tremor dominant;POLG c.3140G>A p.R1047Q;;;;;Het;VUS;;;;neg;ℇ3/ℇ3;APOE3;H1/H1;H1;;;;;;;;1;0;0;;;;;;;;;;;;;;;2022-03-28 00:00:00
13;PD161;PDDCC515;PD28_GE;PDGEN_1955STDA;54;HSM_int;F;Italian;1955-05-04 00:00:00;50;67;Yes;2;;;;;;;;;;;;;neg;ℇ3/ℇ3;APOE3;H1/H2;H2;;;;;;;;;;;1;;;;;0;;;;;;;;;2022-09-26 00:00:00
13;PD160;PDRSC515;PD29_GE;PDGEN_1965LURA;52;HSM_int;M;;1965-03-10 00:00:00;52;57;Yes;1;;akinetic-rigid;;;;;;;;;;;neg;;;H1/H1;H1;;;;;;;;1;0;0;1;;;;;1;;;;;;;;;2022-09-19 00:00:00
13;PD159;PDGHG515;PD30_GE;PDGEN_1962BRGH;51;HSM_int;F;Italian;1962-03-23 00:00:00;57;59;Yes;1;;mixed;OPA1 c.716T>C p.I239T;PANK2 c.365_366insT p.R123Afs*58;;;;Het;VUS;;;;neg;ℇ3/ℇ3;APOE3;H1/H2;H2;;;;;;;;1;0;0;1;;;;;0;;;;;;;;;2022-09-19 00:00:00
13;PD158;PDDNN515;PD31_GE;PDGEN_1972GIDA;50;HSM_int;M;Italian;1972-07-20 00:00:00;42;50;Yes;1;;akinetic-rigid;;;;;;;;;;;neg;ℇ3/ℇ2;APOE2;H1/H1;H1;;;;;;;;1;0;0;;;;;;0;;;;;;;;;2022-09-12 00:00:00
13;PD157;PDSNG515;PD32_GE;PDGEN_1958PASI;49;HSM_int;M;Italian;1958-05-23 00:00:00;62;64;No;;;Tremor-dominant;;;;;;;;;;;neg;ℇ3/ℇ3;APOE3;H1/H1;H1;;;;;;;;1;0;0;0;;;;;0;;;;;;;;;2022-09-12 00:00:00
13;PD156;PDKPA515;PD33_GE;PFGEN_1964LUKA;48;HSM_int;F;Albania;1964-11-04 00:00:00;55;58;No;;;Tremor dominant;;;;;;;;;;;neg;ℇ3/ℇ3;APOE3;H1/H1;H1;;;;;;;;;;;;;;;;;;;;;;;;;
13;PD155;PDGRG515;PD34_GE;;;Napoli;F;Italian;1972-01-06 00:00:00;48;60;No;;;Tremor dominant;;;;;;;;;;;neg;ℇ3/ℇ3;APOE3;H1/H1;H1;;;;;;;;;;;;;;;;;;;;;;;;;
13;PD152;PDPLC515;;;;HSM_int;M;Italian;1957-01-05 00:00:00;64;;;;;;LRP10 c.754G>A p.G252S;;;;;Het;VUS;;;;neg;;;H1/H2;H2;;;;;;;;;;;;;;;;;;;;;;;;;
14;PD177;PDSNN515;PD14_GE;PDGEN_1954PISA;66;HSM_int;F;Italian;1954-08-29 00:00:00;52;68;No;;;Akinetic-rigid;;;;;;;;;;;neg;ℇ3/ℇ3;APOE3;H1/H2;H2;;;;;;;;1;0;0;;;;;;0;;;;;;;;;
14;PD176;PDMRJ515;PD15_GE;PDGEN_1957OLME;64;HSM_int;F;Latina (Ecuador);1957-10-06 00:00:00;68;74;Yes;1;;Akinetic-rigid;SYNJ1 c.G2399A p.R800H;MAPT c.1165G>A p.D389N;;;;Het;LP;;;;neg;ℇ3/ℇ3;APOE3;H1/H1;H1;;;;;;;;1;0;0;;;;;;0;;;;;;;;;2022-11-14 00:00:00
14;PD175;PDGLL515;PD16_GE;PDGEN_1955FRGA;65;HSM_int;F;Italian;1955-07-20 00:00:00;60;67;No;;Yes;mixed;VPS13C c.7495G>A p.E2499K;;;;;Het;VUS;;;;neg;ℇ3/ℇ3;APOE3;H1/H1;H1;;;;;;;;1;0;0;;;;;;0;;;;;;;;;2022-11-14 00:00:00
14;PD173;PDSRT515;PD18_GE;PDGEN_1971ALSA;63;HSM_int;M;Italian;1971-11-14 00:00:00;43;51;No;;;mixed;;;;;;;;;;;neg;ℇ3/ℇ4;APOE4;H1/H1;H1;;;;;;;;1;0;0;;;;;;0;;;;;;;;;2022-10-24 00:00:00
14;PD172;PDSTF515;PD19_GE;PDGEN_1983GIST;62;HSM_int;M;Italian;1983-07-12 00:00:00;38;39;Yes;2;;tremor dominant;;;;;;;;;;;neg;ℇ3/ℇ2;APOE2;H1/H2;H2;;;;;;;;1;0;0;;;;;;0;;;;;;;;;2022-10-24 00:00:00
14;PD171;PDSPL515;PD20_GE;PDGEN_1965GISP;61;HSM_int;F;Romania;1965-10-01 00:00:00;53;57;No;;;Akinetic-rigid;;;;;;;;;;;neg;ℇ3/ℇ3;APOE3;H1/H1;H1;;;;;;;;1;0;0;;;;;;0;;;;;;;;;2022-10-24 00:00:00
14;PD170;PDSCR512;PD21_GE;PDGEN_1963ANSC;60;HSM_int;M;Italian;1963-08-30 00:00:00;43;59;No;;No;mixed;DNAJC6 c.2698G>A p.V900I;LRP10 c.1923G>A p.L641L;;;;Het;VUS;;;;neg;ℇ3/ℇ3;APOE3;H1/H1;H1;;;;;;;;;;;;;;;;;;;;;;;;;2022-10-17 00:00:00
14;PD174;PDMRG515;PD17_GE;PDGEN_1961GIMA;67;HSM_int;M;Italian;1961-10-07 00:00:00;49;61;No;;;Akinetic-rigid;GBA c.206C>T p.T69I;;;GBA p.T69I;AD;Het;VUSh;;GBA;T69I;pos;ℇ3/ℇ3;APOE3;H1/H1;H1;T69I + c.116-21C>T;HET;;;;;;1;0;0;0;;;;;0;;;;;;;;;2022-11-14 00:00:00
14;PD166;PDDOT515;PD23_GE;PDGEN_1957MADO;58;HSM_int;F;;1957-12-09 00:00:00;60;65;Yes;1.3;;mixed;;;;;;;;;;;neg;ℇ3/ℇ3;APOE3;H1/H2;H2;c.762-18T>A;HET;;;;;;1;0;0;;;;;;1;;;;;;;;;2022-10-10 00:00:00
14;PD165;PDRND515;PD24_GE;PDGEN_1962CARI;57;HSM_int;F;Italian;1962-12-29 00:00:00;50;59;No;;;Akinetic-rigid;;;;;;;;;;;neg;ℇ3/ℇ3;APOE3;H1/H1;H1;;;;;;;;1;0;0;1;;;;;0;;;;;;;;;2022-10-10 00:00:00
14;PD169;PDBIS508;PD22_GE;PDGEN_1961CABI;59;HSM_int;M;Italian;1961-03-13 00:00:00;56;61;Yes;1;No;Tremor-dominant;GBA c.509G>A p.R170H;;;;AD;Het;LP;;;;neg;ℇ3/ℇ4;APOE4;H1/H1;H1;GBA p.R170H;HOMO;;;;;;1;0;0;;;;;;0;;;;;;;;;2022-10-17 00:00:00
14;PD168;PDCPP515;;;;Napoli;F;Italian;1983-07-04 00:00:00;;;;;;;GBA c.1226A>G p.N409S;VPS13C c.3847T>A p.Y1283N;;GBA p.N409S;AD;Het;P;;GBA;N409S;pos;;;H1/H2;H2;GBA p.N409S;HET;;;;;;;;;;;;;;;;;;;;;;;
16;PD191;PDZMB515;PD51_GE;PDGEN_1957WIPE;74;HSM_int;M;Latina (Ecuador);1957-05-27 00:00:00;50;65;No;;No;akinetic-rigid;COASY c.1064C>T;;;;;Het;VUS;;;;neg;ℇ3/ℇ3;APOE3;H1/H1;H1;;;;;;;;2;1;0;1;;;;;1;;;;;;;;;2023-02-06 00:00:00
16;PD193;PDLZZ515;PD52_GE;PDGEN_1958MALE;77;HSM_int;F;Italian;1958-10-29 00:00:00;57;64;;;;;VPS35 c.2210C>T p.A737V;PRKN c.823C>T p.R275W;TMEM175 c.1178T>C p.M393T;;;Het;P/LP;;;;neg;ℇ3/ℇ3;APOE3;H1/H1;H1;;;;;;;;1;0;0;1;;;;;0;1;Iposmia;;;;;;;2023-02-13 00:00:00
16;PD194;PDINN500;PD53_GE;PDGEN_1961SAIA;75;HSM_int;M;Italian;1961-02-12 00:00:00;38;61;;;;Tremor-dominant;PRKN c.868G>A p.V290M;PINK1:c.387+20A>G;;;;;;;;;neg;ℇ3/ℇ4;APOE4;H1/H1;H1;c.454+267T>A;HET;;;;;;3;0;0;1;;;;;0;;;;;;;;;2023-02-13 00:00:00
16;PD195;PDPVR515;PD54_GE;PDGEN_1963GIPE;76;HSM_int;M;Italian;1963-07-19 00:00:00;48;60;;;;akinetic-rigid;TWNK c.1523A>G p.Y508C;;;;;Het;P;;;;neg;ℇ3/ℇ3;APOE3;H1/H1;H1;;;;;;;;1;0;0;0;;;;;0;1;Iposmia;;;;;;;2023-02-13 00:00:00
16;PD197;PDFER512;PD56_GE;PDGEN_1955CLFE;79;HSM_int;F;Italian;1955-10-02 00:00:00;58;68;Yes;1;No;;LRRK2 c.4937T>C p.M1646T;;;;;;;;;;neg;ℇ3/ℇ3;APOE3;H1/H1;H1;;;;;;;;1;0;0;0;;;;;1;1;Anosmia;;;;;;;2023-03-13 00:00:00
16;PD199;PDDCR515;PD57_GE;PDGEN_1949MADI;81;HSM_int;F;Italian;1949-06-24 00:00:00;51;73;;;;Tremor-dominant;SYNJ1 c.20T>A p.F7Y;PINK1 c.1015G>A p.A339T;TMEM175 ('c.1213C>G', 'c.*2426G>C');;;;;;;;neg;ℇ3/ℇ3;APOE3;H1/H1;H1;;;;;;;;;1;0;0;;;;;0;;;;;;;;;2023-03-13 00:00:00
16;PD182;PDBRL515;PD10_GE;PDGEN_1959LUBE;68;HSM_int;M;Italian;1959-08-13 00:00:00;47;63;No;;?;mixed;;;;;;Het;VUS;;;;neg;ℇ3/ℇ2;APOE2;H1/H1;H1;;;;;;;;1;0;0;;;;;;0;;;;;;;;;
16;PD201;PDVND515;PD60_GE;PDGEN_1959ROVA;84;HSM_int;M;Italian/Deutch;1959-12-17 00:00:00;60;63;No;;No;akinetic-rigid;PANK2 c.965A>G p.E322G;ATP7B c.3883C>T p.P1379S;;;;Het;LP;;;;neg;ℇ3/ℇ4;APOE4;H1/H1;H1;c.762-18T>A;HET;;;;;;1;0;0;0;;;;;1;;;;;;;;;2023-03-20 00:00:00
16;PD202;PDFRA515;PD61_GE;PDGEN_1972FAFE;82;HSM_int;M;Italian;1972-10-24 00:00:00;50;50;;;;Tremor-dominant;POLG c.3172T>C p.F1058L;TMEM175 c.1178T>C p.M393T;;;;Het;LP;;;;neg;ℇ3/ℇ3;APOE3;H1/H1;H1;c.762-18T>A;HET;;;;;;1;0;0;0;;;;;0;;;;;;;;;2023-03-20 00:00:00
16;PD196;PDTRE515;PD55_GE;PDGEN_1959PITR;78;HSM_int;M;Italian;1959-08-03 00:00:00;55;63;;;;mixed;GBA c.1448T>C p.L483P;VPS13C c.8066C>T p.T2732I;;GBA p.L483P;AD;Het;P;;GBA;L483P;pos;ℇ3/ℇ3;APOE3;H1/H1;H1;GBA p.L483P;HET;;;;;;1;0;0;0;;;;;1;;;;;;;;;2023-03-06 00:00:00
16;PD200;PDRST515;PD59_GE;PDGEN_1959RIRA;83;HSM_int;F;Switzerland;1959-03-17 00:00:00;61;64;Yes;1;;Tremor-dominant;GBA c.1093G>A p.E365K;TMEM175 c.1178T>C p.M393T;;GBA p.E365K;AD;Het;P;;GBA;E365K;pos;ℇ3/ℇ3;APOE3;H1/H2;H2;GBA p.E365K;HET;;;;;;1;0;0;0;;;;;0;;;;;;;;;2023-03-20 00:00:00
16;PD185;PDRPT515;PD7_GE;PDGEN_1949GIRE;71;HSM_int;M;Italian;1949-01-22 00:00:00;63;74;No;;Yes;Tremor-dominant;GBA c.1226C>T p.T408M;FBXO7 c.1382T>G p.I461S;TMEM175 c.1178T>C p.M393T;GBA p.T408M;AD;Het;P;;GBA;T408M;pos;ℇ3/ℇ4;APOE4;H1/H1;H1;GBA p.T408M;HET;;;;;;1;0;0;;;;;;1;;;;;;;;;
16;PD190;PDCZZ515;PD5_GE;PDGEN_1963MOCA;73;HSM_int;F;Italian;1963-02-16 00:00:00;58;60;No;;No;Tremor-dominant;MAPT c.319G>A p.G107S;;;;;Het;VUS;;;;neg;ℇ3/ℇ3;APOE3;H1/H1;H1;;;;;;;;1;0;0;1;;;;;0;1;Iposmia;;;;;;;2023-02-06 00:00:00
16;PD186;PDQGL515;PD6_GE;PDGEN_1965ORQU;72;HSM_int;M;Italian;1965-05-13 00:00:00;53;57;No;;No;Tremor-dominant;;;;;;;;;;;neg;ℇ3/ℇ3;APOE3;H1/H2;H2;;;;;;;;;;;;;;;;;;;;;;;;;2023-01-26 00:00:00
16;PD198;PDFER515;;PDGEN_1951LUFE;80;HSM_int;F;Italian;1951-07-10 00:00:00;66;72;Yes;1;No;mixed;LRRK2 c.4937T>C p.M1646T;;;;;;;;;;neg;ℇ3/ℇ3;APOE3;H1/H1;H1;;;;;;;;1;0;0;0;;;;;0;;;;;;;;;2023-03-13 00:00:00
16;PD184;PDBNT512;PD8_GE;PDGEN_1968RIBE;70;HSM_int;M;Italian;1968-07-17 00:00:00;52;54;;;;;;;;;;;;;;;neg;ℇ3/ℇ3;APOE3;H1/H2;H2;;;;;;;;;;;;;;;;;;;;;;;;;
16;PD183;PDMZA515;PD9_GE;PDGEN_1956ENMA;69;HSM_int;M;Italian;1956-03-28 00:00:00;54;66;Yes;1;No;mixed;LRRK2 c.4937T>C p.M1646T;LRRK2 c.3687T>A p.H1229Q;SYNJ1 c.3880C>T p.H1294Y;;;Het;VUS;;;;neg;ℇ3/ℇ3;APOE3;H1/H1;H1;c.1389-68T>C;HET;;;;;;1;0;0;;;;;;0;;;;;;;;;2022-12-19 00:00:00
17;;DNA-TRP515;PD75_GE;;;HSM_ext;;;;;;;;;PSP;GBA c.882T>G p.H294Q;;;GBA p.H294Q;;Het;LP;;GBA;H294Q;pos;ℇ3/ℇ3;APOE3;;;;;;;;;;;;;;;;;;;;;;;;;;;
18;PD203;PDBMB515;PD62_GE;PDGEN_1960ENBO;85;HSM_int;M;Italian;1960-01-20 00:00:00;48;63;No;;Yes;akinetic-rigid;;;;;;;;;;;neg;ℇ3/ℇ3;APOE3;H1/H1;H1;;;;;;;;;;;;;;;;;;;;;;;;;
18;PD204;PDGBR515;PD63_GE;;;HSM_int;M;Italian;1967-04-18 00:00:00;52;56;;;;;TMEM175 c.1178T>C p.M393T;;;;;;;;;;neg;ℇ3/ℇ3;APOE3;H1/H1;H1;;;;;;;;;;;;;;;;;;;;;;;;;
18;PD205;PDDSM515;PD64_GE;PDGEN_1964SADE;86;HSM_int;M;Italian;1964-03-01 00:00:00;48;59;No;;;akinetic-rigid;;;;;;;;;;;neg;ℇ3/ℇ3;APOE3;H1/H1;H1;;;;;;;;;;;;;;;;;;;;;;;;;
18;PD208;PDFRE515;PD66_GE;PDGEN_1961ALFE;88;HSM_int;M;Italian;1961-08-03 00:00:00;30;62;Yes;1;No;akinetic-rigid;DNAJC6 c.115C>G p.Q39E;;;;;;;;;;neg;ℇ3/ℇ4;APOE4;H1/H1;H1;;;;;;;;1;0;0;0;1;1;0;1;1;1;micrografia;;0;;;;;
18;PD209;PDTSC515;PD67_GE;PDGEN_1966ANTO;89;HSM_int;M;Italian;1966-09-16 00:00:00;53;56;No;;Yes;Mixed;TMEM175 c.1178T>C p.M393T;;;;;;;;;;neg;ℇ3/ℇ3;APOE3;H1/H1;H1;;;;yes;;;;1;0;0;0;0;0;0;0;0;0;;1;1;0;;;;
18;PD211;PDMRT516;PD68_GE;;;HSM_int;M;Italian;1954-10-05 00:00:00;67;68;Yes;1;;akinetic-rigid;VPS13C c.10955G>A p.R3652Q;;;;;;;;;;neg;ℇ3/ℇ3;APOE3;H1/H1;H1;;;;;;;;1;;;;;;;0;0;;;1;1;;;;;
18;PD213;PDBDO515;PD70_GE;;;HSM_int;M;Italian;1967-10-26 00:00:00;47;;Yes;3;;Tremor-dominant;TMEM175 c.1178T>C p.M393T;;;;;;;;;;neg;ℇ3/ℇ4;APOE4;H1/H2;H2;;;;;;;;1;0;0;0;0;1;0;1;1;0;;1;0;0;;;;
18;PD215;PDDTO515;PD72_GE;;;HSM_int;M;Italian;1966-11-05 00:00:00;46;56;;;;Tremor-dominant;;;;;;;;;;;neg;ℇ3/ℇ3;APOE3;H1/H1;H1;;;1;no;;;;;;;0;0;;;0;0;;;0;0;0;;;;
18;PD217;PDTRI515;PD74_GE;;;HSM_int;M;Italian;1973-06-06 00:00:00;40;49;;;;akinetic-rigid;FBXO7 c.1453G>A p.V485I;;;;;Het;VUS;;;;neg;ℇ3/ℇ4;APOE4;H1/H1;H1;;;;no;;;;1;0;0;0;0;1;0;1;1;0;;1;1;0;;;;
18;PD206;PDSCH515;PD65_GE;PDGEN_1966LUSC;87;HSM_int;M;Italian;1966-06-16 00:00:00;46;56;Yes;;;Tremor-dominant;GBA c.1226A>G p.N409S;TMEM175 c.1178T>C p.M393T;;GBA p.N409S;AD;Het;P;;GBA;N409S;pos;ℇ3/ℇ3;APOE3;H1/H1;H1;GBA p.N409S;HET;;;;;;;;;;;;;;;;;;;;;;;
18;PD212;PDCCC515;PD69_GE;;;HSM_int;F;Italian;1961-07-16 00:00:00;52;61;Maybe;3;;akinetic-rigid;GBA c.882T>G p.H294Q;TMEM175 c.1178T>C p.M393T;VPS13C c.8018G>A p.R2673Q;GBA p.H294Q;AD;Het;LP;;GBA;H294Q;pos;ℇ3/ℇ4;APOE4;H1/H2;H2;GBA p.H294Q;HET;1;no;;;;1;0;0;1;0;1;0;1;1;1;Iposmia - distonia;1;1;0;;;;
18;PD214;PDNZZ515;PD71_GE;;;HSM_int;F;Italian;1965-07-31 00:00:00;55;57;No;;;akinetic-rigid;GBA c.1226C>T p.T408M;;;GBA p.T408M;AD;Het;P;;GBA;T408M;pos;Needs phase;;H1/H1;H1;GBA p.T408M;HET;3;no;;;;1;0;0;1;0;0;0;0;0;1;Iposmia;1;1;0;;;;
18;PD210;PDMRT514;;;;HSM_int;F;Italian;1943-03-19 00:00:00;73;80;Yes;1;;Tremor-dominant;;;;;;;;;;;neg;ℇ3/ℇ3;APOE3;H1/H1;H1;;;2;no;;;;1;0;0;1;0;0;0;0;1;0;;;1;1;;;;
18;PD221;PDTGN515;;;;HSM_int;F;;1956-09-17 00:00:00;59;;Yes;1;;akinetic-rigid;TMEM175 c.1178T>C p.M393T;;;;;;;;;;neg;ℇ3/ℇ3;APOE3;H1/H2;H2;;;;;;;;1;0;0;0;1;1;0;1;0;0;;1;1;;;;;
18;PD216;PDVRD515;PD73_GE;;;HSM_int;F;Italian;1961-05-08 00:00:00;47;62;Yes;2;;Tremor-dominant;GBA c.681T>G p.N227K;TMEM175 c.1178T>C p.M393T;;GBA p.N227K;AD;Het;P;;GBA;N227K;pos;ℇ3/ℇ3;APOE3;H2/H2;H2;GBA p.N227K;HET;2;no;;;;1;0;0;1;1;1;0;1;0;0;;0;1;0;;;;
;PD218;PDLCT513;PD58_GE;;;HSM_int;M;Italian;1960-09-21 00:00:00;56;62;No;;;Tremor-dominant;;;;;;;;;;;;;;;;;;2;;;;;1;0;0;;;0;0;0;1;;;1;1;0;;;;
;PD220;PDLMC515;;;;HSM_int;M;Italian;1968-11-29 00:00:00;54;55;Maybe;1;No;Tremor-dominant;;;;;;;;;;;;;;;;;;3;no;;;;1;0;0;1;0;0;0;0;0;0;;1;1;0;;;;
;PD219;PDRBT515;;;;HSM_int;F;Italian;1970-11-26 00:00:00;44;52;Yes;1;No;akinetic-rigid;;;;;;;;;;;;;;;;;;3;no;;;;1;0;0;0;1;1;0;1;0;1;Distonia;;1;0;;;;
;PD222;PDNDR515;;;;HSM_int;M;Italian;1967-01-30 00:00:00;48;;No;;;Mixed;;;;;;;;;;;;;;;;;;3;no;2;;;1;0;0;0;0;0;0;0;0;;;;;;;;;
;PD223;PDPRF515;;;;HSM_int;F;Italian;1969-11-07 00:00:00;47;54;No;;No;akinetic-rigid;;;;;;;;;;;;;;;;;;2;no;;;;1;0;0;1;0;1;0;1;0;0;;0;1;0;0;;;
;PD224;PDRDV515;;;;HSM_int;F;Italian;1973-10-19 00:00:00;49;50;No;;No;Tremor-dominant;;;;;;;;;;;;;;;;;;1;;2;;;1;;;0;1;0;0;0;0;0;;1;1;0;;;;
;PD225;PDCHN515;;;;HSM_int;F;Peru;1979-06-26 00:00:00;43;44;No;;No;Mixed;;;;;;;;;;;;;;;;;;;no;;;;1;0;0;1;0;0;0;0;0;0;;0;1;0;0;;;
;PD226;PDPDD515;;;;HSM_int;M;Italian;1971-08-23 00:00:00;48;52;;;;Mixed;;;;;;;;;;;;;;;;;;2;yes;;;;1;0;0;1;0;1;0;0;1;0;;1;1;0;;;;
;PD227;PDDMR515;;;;HSM_int;M;Italian;1955-05-04 00:00:00;66;68;No;;No;akinetic-rigid;;;;;;;;;;;;;;;;;;1;no;2;;14;3;1;;;;;;0;;0;;1;1;0;;;;
;PD228;PDPPE515;;;;HSM_int;M;Italian;1956-05-05 00:00:00;67;69;Yes;3;No;Tremor-dominant;;;;;;;;;;;;;;;;;;;;;;19;1;0;0;0;0;0;0;0;0;;;0;1;0;;;;
;PD229;PDFRU515;;;;HSM_int;F;Italian;1975-09-27 00:00:00;46;48;;;;;;;;;;;;;;;;;;;;;;3;no;;;12;1;0\;0;0;0;0;0;0;0;0;;1;1;0;;;;
;PD230;PDBIS615;;;;;F;Italian;;;;;;;;;;;;;;;;;;;;;;;;;;;;;;;;;;;;;;;;;;;;;;;
;PD233?;PDGSI515;;;;;;;;;;;;;;;;;;;;;;;;;;;;;;;;;;;;;;;;;;;;;;;;;;;;;
;;;;;;;;;;;;;;;;;;;;;;;;;;;;;;;;;;;;;;;;;;;;;;;;;;;;;;;
;;;;;;;;;;;;;;;;;;;;;;;;;;;;;;;;;;;;;;;;;;;;;;;;;;;;;;;
;;;;;;;;;;;;;;;;;;;;;;;;;;;;;;;;;;;;;;;;;;;;;;;;;;;;;;;
;;;;;;;;;;;;;;;;;;;;;;;;;;;;;;;;;;;;;;;;;;;;;;;;;;;;;;;
;;;;;;;;;;;;;;;;;;;;;;;;;;;;;;;;;;;;;;;;;;;;;;;;;;;;;;;
;;;;;;;;;;;;;;;;;;;;;;;;;;;;;;;;;;;;;;;;;;;;;;;;;;;;;;;
;;;;;;;;;;;;;;;;;;;;;;;;;;;;;;;;;;;;;;;;;;;;;;;;;;;;;;;
;;;;;;;;;;;;;;;;;;;;;;;;;;;;;;;;;;;;;;;;;;;;;;;;;;;;;;;
;;;;;;;;;;;;;;;;;;;;;;;;;;;;;;;;;;;;;;;;;;;;;;;;;;;;;;;
;;;;;;;;;;;;;;;;;;;;;;;;;;;;;;;;;;;;;;;;;;;;;;;;;;;;;;;
;;;;;;;;;;;;;;;;;;;;;;;;;;;;;;;;;;;;;;;;;;;;;;;;;;;;;;;
;;;;;;;;;;;;;;;;;;;;;;;;;;;;;;;;;;;;;;;;;;;;;;;;;;;;;;;
